{"cameraMode":{"drawMode":0,"name":"Shaded","section":"Shading Mode"},"sceneLighting":true,"audioPlay":false,"sceneViewState":{"m_AlwaysRefresh":false,"showFog":true,"showSkybox":true,"showFlares":true,"showImageEffects":true,"showParticleSystems":true,"showVisualEffectGraphs":true,"m_FxEnabled":true},"in2DMode":false,"pivot":{"x":-0.704291820526123,"y":1.8062306642532349,"z":-1.1604498624801636},"rotation":{"x":0.27237823605537417,"y":0.2954779267311096,"z":-0.08830251544713974,"w":0.9114327430725098},"size":1.0791808366775513,"orthographic":true}